{
  "es_act_detail_color": "0xFFFFFFFF",
  "es_act_gift_title_color": "0xFFFFFFFF",
  "es_act_notion": "0x99FFFFFF",
  "es_act_rule_color": "0x99FFFFFF",
  "es_act_timer_color": "0xFF060707",
  "es_act_title_bg": "0xF2151516",
  "es_act_title_line": "0x80434343",
  "es_act_title_select": "0xFF171A1F",
  "es_act_title_unselect": "0xFFBDC0C3",
  "es_anchor_alert_font": "0x66FFFFFF",
  "es_anchor_box_geted_color": "0xFFC7CAD0",
  "es_anchor_box_timer": "0xFFFFE534",
  "es_anchor_box_title": "0x99FFFFFF",
  "es_anchor_guess_btn_font": "0xFF282D38",
  "es_anchor_guess_timer": "0x66CBD1E0",
  "es_anchor_guess_tip": "0xFFCBD1E0",
  "es_anchor_guess_tip_light": "0xFFFFD90A",
  "es_anchor_guess_title": "0xFFFFFFFF",
  "es_anchor_lable_select_bg": "0x4DD5E1ED",
  "es_anchor_lable_select_font": "0xFFFFFFFF",
  "es_anchor_lable_unselect_bg": "0x26D5E1ED",
  "es_anchor_lable_unselect_font": "0x80FFFFFF",
  "es_anchor_list_bg": "0xFF000000",
  "es_anchor_list_refresh": "0x80FFFFFF",
  "es_anchor_list_title": "0xFFFFFFFF",
  "es_anchor_name": "0xFFFFFFFF",
  "es_anchor_people_font": "0xFFFFFFFF",
  "es_anchor_platfrom_font": "0xB3FFFFFF",
  "es_anchor_rec_liveplayer_bg": "0xE6000000",
  "es_anchor_room_bg": "0x1AD5E1ED",
  "es_anchor_room_title": "0x99FFFFFF",
  "es_anchor_tag_left": "0xE6424954",
  "es_anchor_tag_right": "0xE6203633",
  "es_anchor_titlebar_feedback_color": "0xFF8A8B8C",
  "es_anchor_topbar_name": "0xFFFFFFFF",
  "es_ancsub_nick": "0xCCFFFFFF",
  "es_ancsub_tab_select": "0xCCFFFFFF",
  "es_ancsub_tab_umselect": "0x66FFFFFF",
  "es_box_icon_can": "0xFF222731",
  "es_box_rewards_bg_color": "0xE628282A",
  "es_box_rewards_border_color": "0xFF737474",
  "es_box_rewards_card_title": "0xFF222731",
  "es_box_rewards_des_color": "0xFFFFFFFF",
  "es_box_rewards_geted_color": "0xFFC7CAD0",
  "es_box_rewards_timer_color": "0xFFFFFFFF",
  "es_box_rewards_tips_bg_color": "0xE628282A",
  "es_box_rewards_tips_border_color": "0xFF737474",
  "es_box_rewards_title_color": "0xFFFFFFFF",
  "es_box_rewards_unget_color": "0xFFFFE534",
  "es_btn_lg_1_font_color": "0xFF000000",
  "es_btn_lg_2_font_color": "0xFF000000",
  "es_btn_sm_1_bg_color": "0xFF19BAFE",
  "es_btn_sm_1_font_color": "0xFF000000",
  "es_btn_sm_2_bg_color": "0xFF19BAFE",
  "es_btn_sm_2_font_color": "0xFF000000",
  "es_bullet_alllist_count": "0xFFACACAC",
  "es_bullet_alllist_detail": "0xFFFFFFFF",
  "es_bullet_alllist_title": "0xFFFFFFFF",
  "es_bullet_get_box_bg": "0xFF737474",
  "es_bullet_get_box_round": "0xE628282A",
  "es_bullet_icon_get": "0xFFFFFFFF",
  "es_bullet_icon_timer": "0xFFFFFFFF",
  "es_bullet_panel_des": "0xFFFFFFFF",
  "es_bullet_panel_main": "0xFFFFD90A",
  "es_bullet_panel_reward_box_title": "0xFFFFD90A",
  "es_bullet_panel_timer": "0xFFFFFFFF",
  "es_bullet_realget_double_des": "0xCCFFFFFF",
  "es_bullet_realget_input_add": "0x99FFFFFF",
  "es_bullet_realget_input_bg": "0x33FFFFFF",
  "es_bullet_realget_input_default": "0x4DFFFFFF",
  "es_bullet_realget_input_ing": "0xFFFFFFFF",
  "es_bullet_realget_input_round": "0x33000000",
  "es_bullet_realget_item": "0xFFFFFFFF",
  "es_bullet_realget_pannel_title": "0xFFFFFFFF",
  "es_bullet_realget_special": "0xFFFFD90A",
  "es_bullet_reward_eg": "0x4DFFFFFF",
  "es_bullet_reward_title": "0x99FFFFFF",
  "es_bullet_re_iconfont": "0xFFFFFFFF",
  "es_bullet_show_cell_all": "0xFF19BAFE",
  "es_bullet_show_cell_bg": "0xFFFFFFFF",
  "es_bullet_show_cell_people": "0x99FFFFFF",
  "es_bullet_show_cell_round": "0xFFFFFFFF",
  "es_bullet_show_pannel_line": "0xFFFFFFFF",
  "es_buylog_giftcnt_color": "0xB3FFAE34",
  "es_buylog_mid_color": "0xB3FFFFFF",
  "es_buylog_name_color": "0xFFFFD90A",
  "es_cardsales_get_box_bg": "0xFF737474",
  "es_cardsales_get_box_round": "0xE628282A",
  "es_cardsales_preview_discountprice": "0xFFFFFFFF",
  "es_cardsales_preview_goodsmainname": "0xFFFFFFFF",
  "es_cardsales_preview_goodssubname": "0xFFFFFFFF",
  "es_cardsales_preview_goodstag1color": "0xFF21BDFF",
  "es_cardsales_preview_goodstag2color": "0xFF45C773",
  "es_cardsales_preview_price": "0xFFFFFFFF",
  "es_cardsales_preview_pricetagcolor": "0xFFFFFFFF",
  "es_cardsales_purchase_numbg": "0xFF000000",
  "es_cardsales_purchase_numcolor": "0xFFFFFFFF",
  "es_cardsales_purchase_numline": "0xFFD9D9D9",
  "es_cardsales_purchase_numtipscolor": "0xFFFFFFFF",
  "es_cardsales_purchase_paychosetipscolor": "0xFFFFFFFF",
  "es_cardsales_purchase_payline": "0xFFD9D9D9",
  "es_cardsales_purchase_paytipscolor": "0xFFFFFFFF",
  "es_cardsales_reward_eg": "0x4DFFFFFF",
  "es_cardsales_reward_title": "0x99FFFFFF",
  "es_channel_title": "0x4DFFFFFF",
  "es_chat_bottom_bg": "0x1AD5E1ED",
  "es_chat_box_bg_color": "0x24E5E5E5",
  "es_chat_box_font_color": "0x4DFFFFFF",
  "es_chat_color": "0xFF000000",
  "es_chat_cus_nickname": "0x4DFFFFFF",
  "es_chat_cus_nickname_vip": "0xFFFFD7F4",
  "es_chat_filte_color": "0xFF000000",
  "es_chat_hot_bg_color": "0x24E5E5E5",
  "es_chat_hot_font_color": "0xFFFFFFFF",
  "es_chat_line": "0x1AFFFFFF",
  "es_chat_main_nickname": "0xFFFFD90A",
  "es_chat_main_nickname_vip": "0xFF3D1A42",
  "es_chat_normal": "0xFFFFFFFF",
  "es_chat_release_bg": "0xFF000000",
  "es_chat_topic_color": "0xFF000000",
  "es_chat_username_color": "0xFF000000",
  "es_cheer_biggifta_count": "0xFFEE2C12",
  "es_cheer_biggiftb_count": "0xFFFFD90A",
  "es_cheer_biggift_count": "0xFFEE2C12",
  "es_cheer_biggift_des": "0xFF242121",
  "es_cheer_chatlive": "0xFFFFAE34",
  "es_cheer_chat_casta_name": "0xFF242121",
  "es_cheer_chat_castb_name": "0xFF242121",
  "es_cheer_choose_bg": "0xFF252828",
  "es_cheer_choose_font": "0x99EBEBF5",
  "es_cheer_get_task_name": "0xFFFFFFFF",
  "es_cheer_main_nickname": "0xFFFA470F",
  "es_cheer_milestonea_count": "0xFFEE2C12",
  "es_cheer_milestoneb_count": "0xFFFFD90A",
  "es_cheer_milestone_count": "0xFFEE2C12",
  "es_cheer_milestone_des": "0xFF242121",
  "es_cheer_pop1_ask_color": "0x99FFFFFF",
  "es_cheer_pop1_bg_last": "0xE6000000",
  "es_cheer_pop1_bg_top": "0xB8000000",
  "es_cheer_pop1_font": "0xFFFFFFFF",
  "es_cheer_pop1_get": "0xFFFFD90A",
  "es_cheer_pop1_giftname": "0xF2FFFFFF",
  "es_cheer_pop1_gift_point": "0x99EBEBF5",
  "es_cheer_pop1_remain": "0xFFFFFFFF",
  "es_cheer_pop1_remain_bg": "0x99000000",
  "es_cheer_pop1_select_font": "0xFFFFD90A",
  "es_cheer_pop1_select_round": "0xFF353636",
  "es_cheer_pop1_teama_allpoint": "0xFFFFD90A",
  "es_cheer_pop1_teama_giftname": "0xF2FFFFFF",
  "es_cheer_pop1_teama_giftpoint": "0x99EBEBF5",
  "es_cheer_pop1_teama_line": "0xFFFFD90A",
  "es_cheer_pop1_teama_remain": "0xFFFFFFFF",
  "es_cheer_pop1_teamb_allpoint": "0xFFFFD90A",
  "es_cheer_pop1_teamb_giftname": "0xF2FFFFFF",
  "es_cheer_pop1_teamb_giftpoint": "0x99EBEBF5",
  "es_cheer_pop1_teamb_line": "0xFFFFD90A",
  "es_cheer_pop1_teamb_remain": "0xFFFFFFFF",
  "es_cheer_pop1_team_name": "0xF2FFFFFF",
  "es_cheer_pop2_bg": "0xE6000000",
  "es_cheer_pop2_giftname": "0xFFFFFFFF",
  "es_cheer_pop2_gift_bg": "0xF227292C",
  "es_cheer_pop2_gift_point": "0x99EBEBF5",
  "es_cheer_pop2_gift_select_bg": "0xFF37383A",
  "es_cheer_pop2_remain": "0xFFFFFFFF",
  "es_cheer_pop2_remain_bg": "0x99000000",
  "es_cheer_pop2_team_bg": "0xFF252729",
  "es_cheer_pop2_team_name": "0xFFFFFFFF",
  "es_cheer_pop2_team_point": "0x66FFFFFF",
  "es_cheer_pop_bottom_bg": "0xCC27292C",
  "es_cheer_rule": "0xF2FFFFFF",
  "es_cheer_rule_text": "0xFFFFFFFF",
  "es_color_brand1": "0xFFFFD90A",
  "es_color_brand2": "0xFFFFAE34",
  "es_color_brand3": "0xFFFF6534",
  "es_color_brand4": "0xFF17BAFF",
  "es_color_dark": "0xFF000000",
  "es_color_dark_10": "0x1A000000",
  "es_color_dark_20": "0x33000000",
  "es_color_dark_30": "0x4D000000",
  "es_color_dark_40": "0x66000000",
  "es_color_dark_50": "0x80000000",
  "es_color_dark_60": "0x99000000",
  "es_color_dark_70": "0xB3000000",
  "es_color_dark_80": "0xCC000000",
  "es_color_dark_90": "0xE6000000",
  "es_color_light": "0xFFFFFFFF",
  "es_color_light_10": "0x1AFFFFFF",
  "es_color_light_20": "0x33FFFFFF",
  "es_color_light_30": "0x4DFFFFFF",
  "es_color_light_40": "0x66FFFFFF",
  "es_color_light_50": "0x80FFFFFF",
  "es_color_light_60": "0x99FFFFFF",
  "es_color_light_70": "0xB3FFFFFF",
  "es_color_light_80": "0xCCFFFFFF",
  "es_color_light_90": "0xE6FFFFFF",
  "es_color_paiming_01": "0xFFFFD80A",
  "es_color_paiming_02": "0xFFD8E7ED",
  "es_color_paiming_03": "0xFFBA9069",
  "es_color_share_line": "0xFFFFFFFF",
  "es_color_subtab_select": "0xFFFFFFFF",
  "es_color_subtab_unselect": "0x80FFFFFF",
  "es_complete_bg": "0xFFFFFFFF",
  "es_complete_btn_bg": "0xFFFFD90A",
  "es_create_calendar_color": "0xFFFFFFFF",
  "es_create_calendar_month_fontcolor": "0xF2FFFFFF",
  "es_create_calendar_othermonth_fontcolor": "0x4DF4FAF9",
  "es_create_calendar_task1_color": "0xFF8E3B4A",
  "es_create_calendar_task2_color": "0xFF6081AD",
  "es_create_left_bg": "0x1AFFFFFF",
  "es_create_righttab_bg": "0xFF151718",
  "es_cus_bullet_font": "0xD9FFFFFF",
  "es_cus_bullet_font_vip": "0xFFD7DDF6",
  "es_detail_video_right_bg": "0x4D000000",
  "es_feedback_bigtitle": "0xCCFFFFFF",
  "es_feedback_btn": "0xFFFFFFFF",
  "es_feedback_content_default": "0x66FFFFFF",
  "es_feedback_content_having": "0xFFFFFFFF",
  "es_feedback_item": "0x66FFFFFF",
  "es_feedback_see_btnfont": "0xFF000000",
  "es_feedback_title": "0xCCFFFFFF",
  "es_feedback_toast": "0xCCFFFFFF",
  "es_feedback_version_color": "0x1AFFFFFF",
  "es_gray_shense": "0xFF2A2E34",
  "es_guess_btn_font": "0xFF282D38",
  "es_guess_card_allcoins": "0x99FFFFFF",
  "es_guess_card_btn_font": "0xFF000000",
  "es_guess_card_more_bg": "0xFF000000",
  "es_guess_card_more_color": "0x99FFFFFF",
  "es_guess_card_teama_line": "0xFFFFD90A",
  "es_guess_card_teama_rate": "0xFFFFD90A",
  "es_guess_card_teamb_line": "0xFF17BAFF",
  "es_guess_card_teamb_rate": "0xFF17BAFF",
  "es_guess_card_timer": "0x99FFFFFF",
  "es_guess_card_title": "0xFFFFFFFF",
  "es_guess_check_desc": "0xCCFFFFFF",
  "es_guess_check_desc_sm": "0x99FFFFFF",
  "es_guess_data_select_color": "0xFF040F29",
  "es_guess_data_unselect_color": "0x66FFFFFF",
  "es_guess_exec_gift_name": "0xE6FFFFFF",
  "es_guess_exec_gift_price": "0xFFFFFFFF",
  "es_guess_exec_left": "0x99FFFFFF",
  "es_guess_exec_left_bg": "0x66000000",
  "es_guess_get_task_des": "0x99FFFFFF",
  "es_guess_get_task_name": "0xFFFFFFFF",
  "es_guess_history_card_answer": "0x99FFFFFF",
  "es_guess_history_card_points": "0x66000000",
  "es_guess_history_card_time": "0x99FFFFFF",
  "es_guess_history_card_title": "0xFFFFFFFF",
  "es_guess_history_card_todo": "0xFF19BAFE",
  "es_guess_history_card_unget": "0x99FFFFFF",
  "es_guess_history_color": "0xFFFFFFFF",
  "es_guess_left_coin": "0x99FFFFFF",
  "es_guess_more_card_name": "0xFFFFFFFF",
  "es_guess_more_card_rate": "0x99FFFFFF",
  "es_guess_more_choose_name": "0xFF000000",
  "es_guess_more_team_name": "0xFFFFFFFF",
  "es_guess_more_timer": "0x99FFFFFF",
  "es_guess_nickname": "0xFFFFFFFF",
  "es_guess_notification_desc": "0xFFFFFFFF",
  "es_guess_notion_desc": "0x99FFFFFF",
  "es_guess_reward_cnt": "0x99FFFFFF",
  "es_guess_rule_color": "0xFFFFFFFF",
  "es_guess_send_bar_font_select": "0xFF040F29",
  "es_guess_send_bar_font_unselect": "0xCCFFFFFF",
  "es_guess_send_bar_select": "0xFFD2D2D2",
  "es_guess_send_bar_unselect": "0xFF484A4C",
  "es_guess_send_font": "0x99FFFFFF",
  "es_guess_send_input_bg": "0xFF252828",
  "es_guess_send_ratex": "0xCCFFFFFF",
  "es_guess_send_remain": "0xFFFFFFFF",
  "es_guess_send_tip_big": "0xFFFFD90A",
  "es_guess_send_tip_small": "0x99FFFFFF",
  "es_guess_task_cnt": "0xFFFFD90A",
  "es_guess_timer": "0x66CBD1E0",
  "es_guess_tip": "0xFFCBD1E0",
  "es_guess_tip_light": "0xFFFFD90A",
  "es_guess_titile": "0xFFFFFFFF",
  "es_guess_title": "0xFFFFFFFF",
  "es_h5_back_bar_title_color": "0xFFFFFFFF",
  "es_h5_back_unbar_title_color": "0xFFFFFFFF",
  "es_half_screen_pop_color": "0x80000000",
  "es_high_pushmain_bg_color_end": "0x00FFAE34",
  "es_high_pushmain_bg_color_start": "0xFFFFAE34",
  "es_high_pushmain_color": "0xE6FFFFFF",
  "es_high_pushother_bg_color_end": "0x00FFAE34",
  "es_high_pushother_bg_color_start": "0xFFFF6534",
  "es_high_pushother_color": "0xE6FFFFFF",
  "es_hot_word": "0xFFFFFFFF",
  "es_hot_word_back": "0xFF000000",
  "es_huiyuan_beizhu_color": "0xCC0D131C",
  "es_huiyuan_btn_color": "0xFF930000",
  "es_huiyuan_month_color": "0xFF002A7D",
  "es_huiyuan_year_color": "0xFF5F0E0E",
  "es_huojia_freeget_detail_color": "0xE6FFFFFF",
  "es_huojia_freeget_tabfont_color": "0xFF17BAFF",
  "es_huojia_freeget_tab_color": "0xFF000000",
  "es_huojia_limitcnt_color": "0xFFFFD90A",
  "es_huojia_over_bgcolor": "0xCC000000",
  "es_huojia_over_fontcolor": "0xE6FFFFFF",
  "es_huojia_timecntfont_color": "0xE6FFFFFF",
  "es_huojia_timetabfont_color": "0xFFFFFFFF",
  "es_huojia_timetab_color": "0xFFFF6534",
  "es_input_arrow": "0xFFFFB448",
  "es_input_bg": "0x4DFFFFFF",
  "es_input_bigsc_bg": "0x4DFFFFFF",
  "es_input_big_bg": "0xFF000000",
  "es_input_big_default": "0x4DFFFFFF",
  "es_input_big_hotword": "0xE6FFFFFF",
  "es_input_big_ing": "0xFFFFFFFF",
  "es_input_big_sline": "0x66FFFFFF",
  "es_input_btn_default": "0xFFFFD90A",
  "es_input_btn_undefault": "0xFF000000",
  "es_input_default": "0x4DFFFFFF",
  "es_input_ing": "0xFFFFFFFF",
  "es_know_bg": "0xE6151718",
  "es_know_right_bg": "0x4D000000",
  "es_know_right_icon_bg": "0xFF2D2E30",
  "es_know_right_icon_select": "0xFFFEDC34",
  "es_know_right_tab2_select": "0xF23E4044",
  "es_know_right_tab_select": "0xFFFEDC34",
  "es_know_score_line": "0xFF3D434F",
  "es_know_score_line_progress": "0xFFFFE534",
  "es_know_score_reward_font": "0xFFFFFFFF",
  "es_liveguess_bet_chosen_optionbg": "0xFFD2D2D2",
  "es_liveguess_bet_chosen_optioncolor": "0xFF040F29",
  "es_liveguess_bet_earnings": "0xF2FFFFFF",
  "es_liveguess_bet_optionbg": "0xFF484A4C",
  "es_liveguess_bet_optioncolor": "0xCCFFFFFF",
  "es_liveguess_bet_rates": "0xF2FFFFFF",
  "es_liveguess_bet_tipscolor": "0x99FFFFFF",
  "es_liveguess_bet_wordoptioncolor": "0xF2FFFFFF",
  "es_liveguess_board_name": "0xF2FFFFFF",
  "es_liveguess_board_optioncolor": "0xF2000000",
  "es_liveguess_board_ratescolor": "0x99FFFFFF",
  "es_liveguess_board_recordcolors": "0xFFFEE035",
  "es_liveguess_board_stand": "0x99FFFFFF",
  "es_liveguess_checked_main_success": "0xFFFFD90A",
  "es_liveguess_checked_optiontips": "0x99FFFFFF",
  "es_liveguess_checked_sub_success": "0xF2FFFFFF",
  "es_liveguess_check_main_end": "0xCCFFFFFF",
  "es_liveguess_check_main_error": "0xCCFFFFFF",
  "es_liveguess_check_main_fail": "0xCCFFFFFF",
  "es_liveguess_check_main_missing": "0xCCFFFFFF",
  "es_liveguess_check_sub_end": "0x99FFFFFF",
  "es_liveguess_check_sub_error": "0x99FFFFFF",
  "es_liveguess_check_sub_fail": "0x99FFFFFF",
  "es_liveguess_check_sub_missing": "0x99FFFFFF",
  "es_liveguess_record_bettime": "0x66FFFFFF",
  "es_liveguess_record_bg": "0x66000000",
  "es_liveguess_record_guidecolor": "0xFF000000",
  "es_liveguess_record_guideicon": "0x99FFFFFF",
  "es_liveguess_record_name": "0xF2FFFFFF",
  "es_liveguess_record_null_wordcolor": "0x66FFFFFF",
  "es_liveguess_record_resultcolor": "0xF2FFFFFF",
  "es_liveguess_record_tipscolor": "0x99FFFFFF",
  "es_liveguess_rules_desc": "0xFFFFFFFF",
  "es_liveguess_vsboard_leftratescolor": "0xFFFFD90A",
  "es_liveguess_vsboard_leftratesline": "0xFFFFD90A",
  "es_liveguess_vsboard_rightratescolor": "0xFF17BAFF",
  "es_liveguess_vsboard_rightratesline": "0xFF17BAFF",
  "es_low_pushmain_color": "0xE6FFFFFF",
  "es_low_pushmain_round_color": "0xFFFFD90A",
  "es_low_pushother_bg_color_end": "0x801F2326",
  "es_low_pushother_bg_color_start": "0x80FFFFFF",
  "es_low_pushother_color": "0xE6FFFFFF",
  "es_main_bullet_font": "0xFFCA07FB",
  "es_main_bullet_font_vip": "0xFFD6D2F7",
  "es_match_title_font": "0xFF17BAFF",
  "es_match_title_popularity": "0x66FFFFFF",
  "es_message_red_font_color": "0xFFFFFFFF",
  "es_mid_pushmain_bg_color_end": "0x00FFAE34",
  "es_mid_pushmain_bg_color_start": "0x80FFAE34",
  "es_mid_pushmain_color": "0xE6FFFFFF",
  "es_mid_pushother_bg_color_end": "0x00FFAE34",
  "es_mid_pushother_bg_color_start": "0x80FF6534",
  "es_mid_pushother_color": "0xE6FFFFFF",
  "es_navmore_detail_color": "0xCCFFFFFF",
  "es_navmore_title_color": "0x99FFFFFF",
  "es_notification_font": "0x33FFFFFF",
  "es_popbg_ditu_tittle": "0xE6FFFFFF",
  "es_popbg_title_color": "0xFFFFFFFF",
  "es_popsm_title_color": "0xFFFFFFFF",
  "es_pop_titlebar_color": "0xFF151718",
  "es_pop_title_color": "0xFFFFFFFF",
  "es_quality_se_select": "0xFFFFD90A",
  "es_quality_se_unselect": "0xFFFFFFFF",
  "es_race_manage_task_color": "0xFFFFFFFF",
  "es_room_live_bg": "0xFFFFD90A",
  "es_room_live_font_color": "0xFFFFFFFF",
  "es_room_playback_bg": "0xFFFFD90A",
  "es_room_playback_font_color": "0xFFFFFFFF",
  "es_room_select_line": "0xFFFFEEC4",
  "es_room_title_select": "0xFFFFD90A",
  "es_room_title_unselect": "0xE6FFFFFF",
  "es_root_pop_content_color": "0xFF5E6696",
  "es_root_pop_content_color2": "0xB3FFFFFF",
  "es_root_pop_title_color": "0xFFFFFFFF",
  "es_saledetial_bigbg_color": "0xFF343638",
  "es_saledetial_buybar_bg_color": "0xFF3B3D40",
  "es_saledetial_buybar_limitcnt_color": "0xFFFFD90A",
  "es_saledetial_buybar_priceoff_color": "0x66FFFFFF",
  "es_saledetial_buybar_price_color": "0xE6FFFFFF",
  "es_saledetial_buybar_tag_color": "0x99FFFFFF",
  "es_saledetial_content_color": "0x99FFFFFF",
  "es_saledetial_goodround_smbg": "0xFF2A2A2A",
  "es_saledetial_goodstitle_color": "0xE6FFFFFF",
  "es_schedule_card_font": "0x66FFFFFF",
  "es_schedule_card_jointeam": "0x66FFFFFF",
  "es_schedule_card_rate": "0x66FFFFFF",
  "es_schedule_card_score": "0xFFFFFFFF",
  "es_schedule_card_team": "0xB3FFFFFF",
  "es_schedule_card_time": "0x99FFFFFF",
  "es_schedule_card_title": "0x99FFFFFF",
  "es_schedule_date": "0x66FFFFFF",
  "es_schedule_date_sm": "0x66FFFFFF",
  "es_schedule_detail_team_title": "0x99FFFFFF",
  "es_schedule_detail_title": "0x99FFFFFF",
  "es_schedule_empty_font": "0x99FFFFFF",
  "es_schedule_join": "0xFFFFFFFF",
  "es_schedule_left_smbg": "0xFF22252B",
  "es_schedule_progress_left": "0xFFFFD90A",
  "es_schedule_progress_r_left": "0x80FFFFFF",
  "es_schedule_progress_r_right": "0xFFFFFFFF",
  "es_schedule_progress_time": "0xFFFFD90A",
  "es_schedule_right_smbg": "0xFF2A2E34",
  "es_schedule_smtab_select_color": "0xFF040F29",
  "es_schedule_smtab_unselect_color": "0x66FFFFFF",
  "es_schedule_tab_line_bg": "0xFFFFFFFF",
  "es_schedule_tab_line_select": "0xFFFFFFFF",
  "es_schedule_tab_select": "0xFFFFFFFF",
  "es_schedule_tab_unselect": "0x66FFFFFF",
  "es_secondknow_relate_tab_bg": "0xFF151718",
  "es_secondtab_select_bg": "0xFFD2D2D2",
  "es_tab2_bg": "0x1AFFFFFF",
  "es_tab_bg": "0xE6151718",
  "es_tab_left_bg": "0x66FFFFFF",
  "es_textarea_back_color": "0x1AFFFFFF",
  "es_toast_color": "0xFFFFFFFF",
  "es_view_becontented_bg": "0xFF404348",
  "es_view_bg": "0xFF313438",
  "es_view_content_bg": "0x1AFFFFFF",
  "es_wonder_notice_bg": "0xFF000000",
  "es_wonder_notice_line": "0xFF535C62",
  "es_youjiang_bg": "0xFF000000",
  "kaibo_news_color": "0xB3FFFFFF",
  "test_color": "0x1AFFFFFF"
}
